k,k_over_D,compression_ratio,explained_variance,mse,psnr,ssim
5,0.006377551020408163,156.8,0.6161302924156189,0.03328646346926689,14.777323758715058,0.39903018402845875
10,0.012755102040816327,78.4,0.719864547252655,0.02435152232646942,16.134738783343437,0.49375957813757343
20,0.025510204081632654,39.2,0.7850673198699951,0.018704703077673912,17.280491969620165,0.566573024807165
30,0.03826530612244898,26.133333333333333,0.8207111358642578,0.01561591774225235,18.06432502775659,0.6150114790713236
50,0.06377551020408163,15.68,0.8626697659492493,0.011984865181148052,19.213668356007293,0.6833474913781143
75,0.09566326530612244,10.453333333333333,0.8927428722381592,0.009359991177916527,20.287245665405493,0.7416963714428595
100,0.12755102040816327,7.84,0.9123346209526062,0.007659458555281162,21.15801897236144,0.7841983800863247
150,0.1913265306122449,5.226666666666667,0.9374775886535645,0.005485502537339926,22.607835793892384,0.8387162940173526
200,0.25510204081632654,3.92,0.9536471962928772,0.004084330052137375,23.8887918717763,0.8749683211788845
300,0.3826530612244898,2.6133333333333333,0.9736413359642029,0.0023432972375303507,26.301725819068324,0.9227523098608655
500,0.6377551020408163,1.568,0.9926095604896545,0.0006689824513159692,31.745852513372746,0.9752541721611093
